{
    "display": {
        "title": {
            "text": "Badlands",
            "color": "yellow",
            "bold": true
        },
        "description": {
            "text": " Welcome to the Badlands!",
            "color": "yellow"
        },
        "icon": {
            "item": "minecraft:terracotta"
        },
        "frame": "task",
        "show_toast": false,
        "announce_to_chat": true,
        "hidden": false,
        "background": "minecraft:textures/gui/advancements/backgrounds/stone.png"
    },
    "criteria": {
        "location test": {
            "trigger": "minecraft:location",
            "conditions": {
                "biome": "minecraft:badlands"
            }
        }
    }
}