{
    "display": {
        "title": {
            "text": "Deep Frozen Ocean",
            "color": "dark_blue",
            "bold": true
        },
        "description": {
            "text": "Welcome to the Deep Frozen Ocean!",
            "color": "dark_blue"
        },
        "icon": {
            "item": "minecraft:oak_log"
        },
        "frame": "task",
        "show_toast": false,
        "announce_to_chat": true,
        "hidden": false,
        "background": "minecraft:textures/gui/advancements/backgrounds/stone.png"
    },
    "criteria": {
        "location test": {
            "trigger": "minecraft:location",
            "conditions": {
                "biome": "minecraft:deep_frozen_ocean"
            }
        }
    }
}