{
    "display": {
        "title": {
            "text": "Forest",
            "color": "dark_green",
            "bold": true
        },
        "description": {
            "text": "Welcome to the Forest!",
            "color": "dark_green"
        },
        "icon": {
            "item": "minecraft:oak_log"
        },
        "frame": "task",
        "show_toast": false,
        "announce_to_chat": true,
        "hidden": false,
        "background": "minecraft:textures/gui/advancements/backgrounds/stone.png"
    },
    "criteria": {
        "location test": {
            "trigger": "minecraft:location",
            "conditions": {
                "biome": "minecraft:forest"
            }
        }
    }
}